Name,Phone,Website,Postcode,Category,Source
Real Estate Xchange,02076030000,https://www.realestatexchange.co.uk,WC2N 5DU,Letting Agent,Directory API
Real Estate Xchnage,,,WC2N 5DU,Letting Agent,Directory API
ARBITRAGE GROUP PROPERTIES LTD,02039510000,http://www.arbitragegroup.com,WC2N 6ET,Letting Agent,Directory API
Imperial Dragon Property Management Limited,02070960000,https://www.imperialdragonproperty.com,W1D 3QP,Letting Agent,Directory API
Oliver James Ltd,02078660000,https://www.oliverjames-london.com,W1J 5NF,Letting Agent,Directory API
Mother Residential Limited,02072400000,,WC2N 4JF,Letting Agent,Directory API
Resideo Lettings and Management Ltd,07428750000,,WC2N 6HT,Letting Agent,Directory API
DNA Estate Agents Ltd,07432700000,,WC2N 5DU,Letting Agent,Directory API
Pebina Lettings Ltd,07984011000,,WC2N 6ET,Letting Agent,Directory API
Lawful Landlord limited,07961040000,https://thelawfullandlord.com/,WC2N 4JF,Letting Agent,Directory API
River Lettings Ltd,02380450000,https://www.riverlettings.com,DE11 8LR,Letting Agent,Directory API
Parker James Estates Ltd,02078740000,,W1B 3AG,Letting Agent,Directory API
Cording Residential Asset Management Limited,02032060000,https://www.reim-edr.com,W1S 2YF,Letting Agent,Directory API
Block Manager Technology Limited,07957710000,https://www.blockmanager.tech/,SW1H 9JJ,Letting Agent,Directory API
Brunsfield Limited,,,W1D 6PA,Letting Agent,Directory API
Devan Estates Limited,02077239000,http://www.devanestates.co.uk,W1H 5TN,Letting Agent,Directory API
Devan Estates Ltd,02077230000,https://www.devanestates.co.uk,W1J 5NF,Letting Agent,Directory API
,,,,,
,,,,,
,,,,,
,,,,,
,,,,,
,,,,,